sequence,length,total_reward,stability,diversity,constraint
R R R R R R R R R R R C R R R R R Y Y Y Y Y Y Y Y Y Y Y Y Y Y Y Y Y Y Y Y Y Y Y Y Y Y Y Y Y Y Y Y Y Y Y Y Y Y Y Y Y Y Y Y Y Y,125,0.83337235,0.93440145,0.3379496,-0.5400078
D D D D D D D D D D D D D D D D D D D D D D D G G G L G G G G G G E G G G A F F R Y P Y D G S H I L L A N K V D D L D Y L S F,125,0.77950346,0.7513291,0.5963566,-0.5400078
G G G G G G G G G G G G G G G G G G G G G G G G G G G G G V G G R G R G G G D E Y D Y Y Y Y Y Y Y D Y Y Y D Y Y Y D N D Y S A,125,0.86404335,0.87731755,0.5134593,-0.5400078
R R R R R R R R R R R R R Y G Y Y D Y Y Y Y Y Y Y Y Y Y Y Y Y Y Y Y Y Y Y Y Y Y Y Y Y Y Y Y Y Y Y Y Y Y Y Y Y Y Y Y Y Y Y Y Y,125,0.8415841,0.93929183,0.34459233,-0.5400078
N N N N N N N N N N N N N N N N N N N N I N I Y I N Y I V I N I Y C F I Y Y Y Y N K N I Y N N L F I I I Y L K L L I K F Y L N,125,0.9382936,0.9302172,0.55616045,-0.5400078
R R R R R R R R R R K K K K K K K K K Q Q Q Q Q Q Q Q Q Q Q Q Q Q Q Q Q Q Q Q Q Q Q Q Q Q Q Q Q Q Q Q Q Q Q Q Q Q Q Q Q Q Q Q,125,0.57385105,0.6617946,0.3641207,-0.5400078
C C C C C C C C C C C C C C C C C C C C C Y C Y Y Y Y Y Y Y Y Y Y Y Y Y Y F Y Y F Y Y N Y D S Y G G A I K N D N G D I V L F I,125,0.9160466,0.9296764,0.54854697,-0.5758067
Y Y Y Y Y Y Y Y Y Y Y Y Y Y Y Y Y Y Y Y Y Y Y Y Y Y Y Y Y Y Y Y Y Y Y Y Y Y Y Y Y Y Y Y Y Y Y Y Y Y Y Y Y Y Y Y Y Y Y Y Y Y Y,125,0.78439665,0.9406888,0.22742353,-0.5400078
Y Y Y Y Y Y Y Y Y Y Y Y Y Y Y Y Y Y Y Y Y Y Y Y Y Y Y Y Y Y Y Y Y Y Y Y Y Y Y F F F F F F F F F F F F F F F F F F F F F F F F,125,0.8308865,0.92858267,0.3446154,-0.5400078
P P P P P P P P P P P P P P P P P P P T T T T T T T T T T T T T T N T T T T N T T A A Y A A A A A A A A A A A A A A A A A A A,125,0.9022728,0.91212034,0.5203127,-0.5400078
W W W W W W W W W W W W W W W W W F W F W W W D Y W Y Y Y Y Y Y Y Y Y Y Y Y Y Y Y Y Y Y Y Y Y Y Y Y Y Y Y Y Y Y Y Y Y Y Y Y Y,125,0.8241391,0.92802966,0.36802545,-0.5758067
Y Y Y Y Y Y Y Y Y Y Y Y Y Y Y Y Y Y Y Y Y Y Y Y Y Y Y Y Y Y Y Y Y Y Y Y Y Y Y Y Y Y Y Y Y Y Y Y Y Y Y Y Y Y Y Y Y Y Y Y Y Y Y,125,0.78439665,0.9406888,0.22742353,-0.5400078
C C C C C C C C C C C C C C C C C C C C Y Y Y Y Y Y Y Y Y Y Y Y Y Y I D L D Y Y S Y Y L Y K F V S F I S D Y I L L K Y N N E I,125,0.9412045,0.93590724,0.56461686,-0.55402243
L L L L L L L L L L L L L L L L L L F L Y F C I Y Y I Y Y Y Y Y Y Y Y Y Y Y Y Y Y Y Y Y Y N D I H S P C P I H I L S F I V F N,125,0.9635831,0.95117766,0.5648187,-0.5400078
N N N N N N N N N N N N N N N N N N Y N Y Y Y Y Y Y Y Y Y Y Y Y Y Y Y S Y Y Q F N Y Y S Y L Y D K F I N K N F N T I K L N L I,125,0.9310174,0.93234056,0.53736144,-0.5400078
N N N N N N N N N N N N N N N N N N N N N K N I I L Y Y I N I Y N I I Y S K I I L L Y L C Y K N K I Y I F L V Y K K I I I I Y,125,0.9341363,0.9216685,0.5649434,-0.5400078
R R R R R R R R R R R G F G F D L S N N V P F N D D E D D D Y D F Y Y R N Y R P Y G S G I Y Y F N D Y N D D V I F D N I Y I D,125,0.96314,0.90869766,0.6488925,-0.5400078
R R R R R R R R R R R R E E E E E E Y E D N E Q D D A E A R L V K R L L R S A N F D P L E K Y I I P S L L S S L K I I Y V K A,125,0.9560286,0.9007158,0.6506333,-0.5400078
P P P P P P P P P P P P P P P P P P P P P P P P P P P T P P I P S C R P F Q S I I S V I Y Y Y L I H I F I L N F H L D L Y D S,125,0.91902184,0.89608765,0.5858762,-0.5400078
S S S S S S S S S S S S S S S S S S S S S S S S S S S S S S S S S S S S S S S S S S S S S S S S S S S S S S S S S S S S S S S,125,0.6442069,0.800499,0.22742353,-0.5400078
